osm_id,street,house_number,name,latitude,longitude,levels,levels_known,reference_status,reference_file
125865721,улица Юности,5,,46.8401327,29.6596972,9.0,True,needs_photos,
125865722,улица Юности,9,,46.8395526,29.6600947,9.0,True,needs_photos,
125865724,улица Юности,11,,46.8391106,29.6605907,9.0,True,needs_photos,
125865725,улица Юности,1/2,,46.8404396,29.6586839,9.0,True,needs_photos,
125865785,улица Юности,1/3,,46.8397818,29.6591951,9.0,True,needs_photos,
125865786,улица Юности,7,,46.83911,29.6596274,9.0,True,needs_photos,
136387817,Краснодонская улица,41,Тернополь,46.8357267,29.6651833,2.0,True,facade_reference_reviewed,
138209201,Одесская улица,72,,46.8411945,29.6576571,5.0,True,needs_photos,
138209210,Одесская улица,70,,46.8408263,29.6574124,5.0,True,needs_photos,
138209229,Одесская улица,68,Фитнес клуб Оскар,46.8406012,29.6567308,2.0,True,needs_photos,
138209265,,,Вулкан,46.840759,29.6558772,2.0,True,needs_photos,
138209355,,,,46.839923,29.6581987,2.0,True,needs_photos,
138209357,,,Интерднестрком (IDC),46.8400686,29.6578596,2.0,True,needs_photos,
161177765,улица Юности,19а,,46.8380977,29.6642124,5,False,needs_photos,
161177779,Каховская улица,11,,46.8354229,29.6595816,5.0,True,needs_photos,
161177783,Каховская улица,10,,46.8363733,29.6579856,5.0,True,needs_photos,
161177784,улица Курчатова,72,,46.8358513,29.6567,9.0,True,needs_photos,
161177785,Каховская улица,6,,46.8380625,29.6567769,4.0,True,needs_photos,
161177791,Каховская улица,4,,46.8394535,29.6558808,4.0,True,needs_photos,
161177796,Краснодонская улица,44,,46.8369028,29.6678657,5.0,True,needs_photos,
161177799,Каховская улица,5,,46.8372015,29.6581762,5.0,True,needs_photos,
161177803,улица Юности,17,,46.8381623,29.6624168,5.0,True,needs_photos,
161177804,Каховская улица,15/2,,46.8343051,29.6607017,5.0,True,needs_photos,
161177807,улица Юности,10/2,,46.8371858,29.6613332,5.0,True,needs_photos,
161177819,улица Юности,10/4,,46.8362374,29.6604434,5.0,True,needs_photos,
161177823,улица Юности,23,,46.8371035,29.6651312,5.0,True,needs_photos,
161177825,Каховская улица,7,,46.8365215,29.6585996,5.0,True,needs_photos,
161177829,Краснодонская улица,42,,46.8363097,29.6674989,5.0,True,needs_photos,
161177841,улица 20 Партсъезда,35,,46.8350695,29.6564596,4.0,True,needs_photos,
161177847,Каховская улица,9/1,,46.8360188,29.6591225,5.0,True,needs_photos,
161177853,улица Юности,14/1,,46.836771,29.6631805,5.0,True,needs_photos,
161177863,улица Юности,27,,46.8360617,29.6669096,5.0,True,needs_photos,
161177870,улица Юности,18/1,,46.8361692,29.6644518,5.0,True,needs_photos,
161177878,Каховская улица,8,,46.8369899,29.6575495,5.0,True,needs_photos,
161177879,Каховская улица,15/1,,46.8341619,29.6602284,5.0,True,needs_photos,
161177884,улица Юности,12/1,,46.8369623,29.6621489,5.0,True,needs_photos,
161177887,,,,46.8383149,29.664506,5,False,needs_photos,
161177892,улица Юности,12/2,,46.8366836,29.6618494,5.0,True,needs_photos,
161177899,Каховская улица,13/4,,46.8358583,29.6610452,5.0,True,needs_photos,
161177903,улица Юности,25,,46.8365075,29.6652871,5.0,True,needs_photos,
161177906,Каховская улица,13/1,,46.8347981,29.6599727,5.0,True,needs_photos,
161177915,Каховская улица,13/2,,46.8352537,29.6604461,5.0,True,needs_photos,
161177916,Каховская улица,18,,46.8339441,29.6596502,5.0,True,needs_photos,
161177929,Каховская улица,14,,46.8351225,29.6586798,5.0,True,needs_photos,
161177937,улица Юности,8/1,,46.8378563,29.6608692,5.0,True,needs_photos,
161177946,улица Юности,8/3,,46.8371793,29.6602367,5.0,True,needs_photos,
161177947,улица Юности,19,,46.8377712,29.6632619,5.0,True,needs_photos,
161177950,Каховская улица,15/3,,46.8344771,29.6612212,5.0,True,needs_photos,
161177951,улица Юности,29,Верховный суд,46.8357057,29.6670465,5.0,True,needs_photos,
161177953,улица Юности,12/3,,46.8364027,29.6615729,5.0,True,needs_photos,
161177954,Каховская улица,12,,46.8357353,29.6582519,5.0,True,needs_photos,
161177956,улица Юности,17/3,,46.8387125,29.663223,5.0,True,needs_photos,
161177961,улица Курчатова,74,,46.8357549,29.6573422,9.0,True,needs_photos,
161177964,улица Юности,21,,46.8369724,29.664308,5.0,True,needs_photos,
161177968,улица Юности,8/2,,46.8374687,29.6605048,5.0,True,needs_photos,
161177969,Каховская улица,16,,46.834506,29.6591099,5.0,True,needs_photos,
161177974,улица Юности,18/2,,46.835843,29.6641644,5.0,True,needs_photos,
161177976,улица Юности,8/4,,46.8368584,29.6599603,5.0,True,needs_photos,
161177985,Каховская улица,9/3,,46.8365982,29.6596927,5.0,True,needs_photos,
161177988,улица Юности,10,,46.8374429,29.6617635,5.0,True,needs_photos,
161178006,улица Юности,14/2,,46.8362487,29.6632265,5.0,True,needs_photos,
161178008,улица Юности,15/3,,46.8388665,29.6621372,5.0,True,needs_photos,
161178014,Краснодонская улица,43,,46.8366429,29.666438,5.0,True,needs_photos,
161178020,улица Юности,15,,46.8385664,29.6615518,5.0,True,needs_photos,
161178024,улица Юности,10/3,,46.8367333,29.6608086,5.0,True,needs_photos,
161178026,Каховская улица,13/3,,46.8355832,29.6607646,5.0,True,needs_photos,
161178031,Каховская улица,9/2,,46.8363055,29.6594396,5.0,True,needs_photos,
161181852,улица Юности,2/2,,46.8386038,29.6583849,5.0,True,needs_photos,
161181853,Краснодонская улица,35,,46.8344845,29.6639433,5.0,True,needs_photos,
161181855,Краснодонская улица,40а,,46.8337556,29.6654457,5.0,True,needs_photos,
161181857,Краснодонская улица,37,,46.8348269,29.6642544,5.0,True,needs_photos,
161181858,улица Юности,4/2,,46.8380716,29.6592122,5.0,True,needs_photos,
161181860,улица Юности,20,,46.835199,29.6663613,5.0,True,needs_photos,
161181862,Краснодонская улица,39,,46.8351011,29.6646324,5.0,True,needs_photos,
161181863,Краснодонская улица,36,,46.8337742,29.6644314,5.0,True,needs_photos,
161181864,улица Юности,4/3,,46.8378147,29.6589298,5.0,True,needs_photos,
161181866,Каховская улица,4/1,Благода,46.8387012,29.6563318,1,True,needs_photos,
161181868,улица Юности,2/1,,46.8388811,29.6586811,5.0,True,needs_photos,
161181869,Каховская улица,19,,46.8325019,29.6618836,5.0,True,needs_photos,
161181870,Краснодонская улица,33,,46.8341683,29.6636383,5.0,True,needs_photos,
161181871,улица Юности,2/3,,46.8383271,29.6581321,5.0,True,needs_photos,
161181872,Краснодонская улица,40,,46.8345036,29.6660581,5.0,True,needs_photos,
161181873,улица Юности,4/1,,46.8384378,29.6595906,5.0,True,needs_photos,
161181874,Каховская улица,3,,46.8379008,29.6576887,5.0,True,needs_photos,
161181878,Каховская улица,4а,,46.8386379,29.6558224,9.0,True,needs_photos,
161181879,Краснодонская улица,34,,46.8329348,29.6631776,5.0,True,needs_photos,
161181881,улица Юности,26,Диларс,46.834595,29.6676717,1,True,needs_photos,
161973865,улица Юности,31,,46.8359469,29.6682025,5.0,True,needs_photos,
161973868,улица Юности,6/1,Причерноморье,46.8381487,29.6602649,3.0,True,needs_photos,
161973869,Каховская улица,6а,,46.8372718,29.6567412,9.0,True,needs_photos,
161973875,,,Атлантика,46.8385104,29.6608108,5,False,needs_photos,
161973876,,,,46.838699,29.6608502,5,False,needs_photos,
161976912,Каховская улица,20,,46.8334641,29.659742,3.0,True,needs_photos,
161976926,улица Юности,28,,46.8341092,29.6672908,5.0,True,needs_photos,
161977694,улица Юности,22,,46.8335616,29.6664236,5,False,needs_photos,
161978272,Краснодонская улица,36/1,,46.8333773,29.6649388,5.0,True,needs_photos,
161978274,Краснодонская улица,36/5,,46.8324402,29.664669,5.0,True,needs_photos,
161978277,Краснодонская улица,36/7,,46.8327072,29.6655141,7.0,True,needs_photos,
161978285,Краснодонская улица,34/6,,46.8319055,29.6641291,9.0,True,needs_photos,
161978288,Краснодонская улица,34/2,,46.8323632,29.6633922,9.0,True,needs_photos,
161978289,Краснодонская улица,36/3,,46.8331258,29.6645441,5.0,True,needs_photos,
161978468,Каховская улица,21,,46.832061,29.6621692,5.0,True,needs_photos,
161978469,Краснодонская улица,34/4,,46.8318014,29.6632466,9.0,True,needs_photos,
162030291,улица Юности,14,,46.8362212,29.6623537,5,False,needs_photos,
162030292,улица Юности,16,,46.8354069,29.6631544,3.0,True,needs_photos,
162030297,Краснодонская улица,31,,46.8338427,29.6636081,4.0,True,needs_photos,
165281040,,,,46.8364686,29.6680511,1,False,needs_photos,
165281986,Краснодонская улица,29,,46.8334337,29.662518,3.0,True,needs_photos,
165281990,,,,46.833253,29.6619795,3.0,True,needs_photos,
165281992,Каховская улица,17,,46.8332823,29.6610641,2.0,True,needs_photos,
170696832,Каховская улица,27,,46.8315796,29.6625732,5.0,True,needs_photos,
185586654,Каховская улица,1,,46.8388471,29.6577262,5.0,True,needs_photos,
185803428,улица Юности,24,,46.834522,29.6669813,9.0,True,needs_photos,
222320952,улица Юности,14а,,46.8372607,29.6623829,2.0,True,needs_photos,
222428520,,,,46.8338312,29.6616324,5,False,needs_photos,
222460365,Краснодонская улица,41/2,,46.8353291,29.6647728,2.0,True,needs_photos,
222460372,Каховская улица,25,,46.8316232,29.6619937,3.0,True,needs_photos,
222678491,улица Курчатова,5/A,СЗАО Интерднестрком,46.8364527,29.656532,3.0,True,needs_photos,
222684656,Каховская улица,13/6,,46.8360979,29.6612609,1,True,needs_photos,
222739834,Одесская улица,70/1,Камелот,46.8414103,29.6565502,1,True,needs_photos,
222884955,,,Вавилон,46.8357958,29.6600452,5,False,needs_photos,
222924579,улица Курчатова,73,,46.8330891,29.6598037,5,False,needs_photos,
223357909,Каховская улица,10а,,46.8360025,29.6577663,1,False,needs_photos,
223357910,,,,46.8359527,29.6583307,2.0,True,needs_photos,
224537013,Каховская улица,17/1,Маяк,46.8329244,29.6614911,1,True,needs_photos,
224537014,,,,46.833602,29.6634824,1,True,needs_photos,
224559612,улица Юности,4/2,,46.8383494,29.6600267,1,False,needs_photos,
224559613,,,Мариша,46.8384662,29.6598863,1,False,needs_photos,
224559614,,,Вега,46.838544,29.6597404,1,False,needs_photos,
224559631,,22а,,46.8322659,29.6609891,1,False,needs_photos,
224559632,Одесская улица,66А,Тиройл,46.8396127,29.6547009,5,False,needs_photos,
224559633,Одесская улица,66а,Секонд Хэнд,46.8392423,29.6545036,2.0,True,needs_photos,
224860697,улица Юности,24а,Garden,46.8350224,29.666953,1,False,needs_photos,
224860698,,,,46.8353022,29.6665411,1,False,needs_photos,
225589613,Краснодонская улица,38,,46.8347469,29.6654673,5.0,True,needs_photos,
225589884,Краснодонская улица,41/1,Бизнес и услуги,46.8354953,29.6648536,1,True,needs_photos,
228540375,Одесская улица,125,,46.8402589,29.654317,2.0,True,needs_photos,
296171164,Каховская улица,1A,,46.8385878,29.6572316,1,True,needs_photos,
298361800,улица 20 Партсъезда,45,,46.8341482,29.6569126,1,False,needs_photos,
298361804,,,,46.8343327,29.6569153,1,False,needs_photos,
298361809,,,,46.8345775,29.6567684,1,False,needs_photos,
315846825,,,,46.8404246,29.6541889,1,False,needs_photos,
315956198,улица 20 Партсъезда,47,,46.8340401,29.6570288,1,False,needs_photos,
315956477,улица 20 Партсъезда,49,,46.8338968,29.6571123,1,False,needs_photos,
317983499,улица Островского,23,,46.8414104,29.6554138,1,False,needs_photos,
317983500,Одесская улица,133,,46.8416437,29.6556165,1,False,needs_photos,
317983501,улица Островского,21,,46.8416129,29.6553358,1,False,needs_photos,
318194177,улица Фрунзе,,,46.8349381,29.6569914,1,True,needs_photos,
318194178,,,,46.8347965,29.6570711,1,False,needs_photos,
318194179,,,,46.8346822,29.6571545,1,False,needs_photos,
318194180,,,,46.8345733,29.6570232,1,False,needs_photos,
318194181,,,,46.834577,29.6572432,1,False,needs_photos,
318194182,,,,46.8344491,29.6573254,1,False,needs_photos,
318194183,,,,46.834322,29.657342,1,False,needs_photos,
318194184,,,,46.8340474,29.6574238,1,False,needs_photos,
318194185,улица Генерала Шарохина,17,,46.8337567,29.6571713,1,False,needs_photos,
318194186,улица Генерала Шарохина,19,,46.833824,29.657344,1,False,needs_photos,
318194187,улица Генерала Шарохина,21,,46.833893,29.6575484,1,False,needs_photos,
318194188,улица Генерала Шарохина,23,,46.8339613,29.6577089,1,False,needs_photos,
318194189,,,,46.8342005,29.6575438,1,False,needs_photos,
318194191,,,,46.8344079,29.6571405,1,False,needs_photos,
318194193,,,,46.83406,29.6575468,1,False,needs_photos,
319674432,,,,46.8341188,29.6623166,5,False,needs_photos,
319674433,,,,46.8348117,29.6631318,1,False,needs_photos,
340583809,улица Юности,13/2,,46.8397625,29.6611363,5,False,needs_photos,
340584953,улица Юности,10А,,46.8376815,29.6613865,1,True,needs_photos,
355779226,улица Генерала Шарохина,25,,46.834009,29.6579923,1,False,needs_photos,
355779227,улица Фрунзе,63,,46.834282,29.6578058,1,False,needs_photos,
355779228,улица Фрунзе,65,,46.8341371,29.6578754,1,False,needs_photos,
355779229,улица Генерала Шарохина,27,,46.8340832,29.6582031,1,False,needs_photos,
355779230,улица Генерала Шарохина,29,,46.8341338,29.6583417,1,False,needs_photos,
355779231,улица Генерала Шарохина,31,,46.8341688,29.6585644,1,False,needs_photos,
362222038,Краснодонская улица,30,,46.8321954,29.6607865,1,False,needs_photos,
362222039,Краснодонская улица,28,,46.8321507,29.6606189,1,False,needs_photos,
362222040,Краснодонская улица,26,,46.8320957,29.660449,1,False,needs_photos,
362222041,,,,46.8321642,29.6611361,2.0,True,needs_photos,
362222042,,,,46.8320587,29.661156,1,False,needs_photos,
362222043,,24,,46.831913,29.6612042,1,False,needs_photos,
362222044,улица Курчатова,79,,46.8316283,29.660846,1,False,needs_photos,
405155147,улица Курчатова,23А,,46.8405028,29.6546188,1,False,needs_photos,
414758973,,,,46.8406437,29.6547422,1,False,needs_photos,
414758974,улица Курчатова,21,,46.8406845,29.6545198,1,False,needs_photos,
414758975,улица Курчатова,19,,46.8407749,29.6544678,1,False,needs_photos,
414758977,,,,46.8411028,29.6541822,1,False,needs_photos,
414758978,улица Курчатова,15,,46.8410038,29.6542343,1,False,needs_photos,
414758979,улица Курчатова,17,,46.8409235,29.6543502,1,False,needs_photos,
421963776,улица Генерала Шарохина,18,,46.8334625,29.6575714,1,False,needs_photos,
421963777,улица Генерала Шарохина,20,,46.833539,29.657727,1,False,needs_photos,
421963778,улица Генерала Шарохина,22,,46.8335867,29.657937,1,False,needs_photos,
421963779,,,,46.8333528,29.6574776,1,False,needs_photos,
421963780,,,,46.8333708,29.6577032,1,False,needs_photos,
421963781,,,,46.8331953,29.6576049,1,False,needs_photos,
421963782,,,,46.8330813,29.6576634,1,False,needs_photos,
421963783,улица 20 Партсъезда,53,,46.8329316,29.6577277,1,False,needs_photos,
421963784,,,,46.8329968,29.6578953,1,False,needs_photos,
421963785,улица 20 Партсъезда,55,,46.8328096,29.6577832,1,False,needs_photos,
421963786,,,,46.8333853,29.6580071,1,False,needs_photos,
421963787,,,,46.8332318,29.6581544,1,False,needs_photos,
421963788,,,,46.8330778,29.6582496,1,False,needs_photos,
421963789,,,,46.8329993,29.6583359,1,False,needs_photos,
421963790,,,,46.8328844,29.6584255,1,False,needs_photos,
421963791,,,,46.8327791,29.6583481,1,False,needs_photos,
421963792,улица 20 Партсъезда,57,,46.832695,29.6578892,1,False,needs_photos,
421963793,,,,46.8327495,29.6580143,1,False,needs_photos,
421963794,улица 20 Партсъезда,59,,46.8325765,29.6579722,1,False,needs_photos,
421963795,,,,46.832558,29.6581418,1,False,needs_photos,
421963796,,,,46.83272,29.6583416,1,False,needs_photos,
421963797,,,,46.8327607,29.6584969,1,False,needs_photos,
421963798,улица Генерала Шарохина,24,,46.8337259,29.6582407,1,False,needs_photos,
421963799,,,,46.8337849,29.6584143,1,False,needs_photos,
421963800,улица Фрунзе,69,,46.833511,29.6583924,1,False,needs_photos,
421963801,,,,46.8333976,29.6584903,1,False,needs_photos,
421963802,,,,46.8337914,29.6586639,1,False,needs_photos,
421963803,улица Генерала Шарохина,26,,46.8339063,29.6587692,1,False,needs_photos,
421963804,улица Курчатова,92,,46.8336807,29.6589334,1,False,needs_photos,
421963805,улица Курчатова,94,,46.8335339,29.6590136,1,False,needs_photos,
421963806,улица Курчатова,96,,46.833404,29.6590962,1,False,needs_photos,
421963807,улица Курчатова,98,,46.8332754,29.6591091,1,False,needs_photos,
421963808,улица Курчатова,100,,46.8331626,29.6592626,1,False,needs_photos,
421963809,,,,46.8332761,29.6585687,1,False,needs_photos,
421963810,,,,46.8331034,29.65866,1,False,needs_photos,
421963811,,,,46.8329798,29.6587845,1,False,needs_photos,
421963812,улица Курчатова,102,,46.8330374,29.6593428,1,False,needs_photos,
421963813,,,,46.8328638,29.658824,1,False,needs_photos,
421963814,,,,46.832866,29.6589484,1,False,needs_photos,
421963815,улица Курчатова,104,,46.8329087,29.6593891,1,False,needs_photos,
421963816,,,,46.832685,29.6585292,1,False,needs_photos,
421963817,,,,46.8327415,29.6589129,1,False,needs_photos,
421963818,улица 20 Партсъезда,61,,46.8324595,29.658084,1,False,needs_photos,
422057484,,,,46.8317914,29.6595972,1,False,needs_photos,
422057485,улица Фрунзе,91,,46.8316329,29.6598291,1,False,needs_photos,
422057486,Краснодонская улица,20,,46.8318827,29.6597391,1,False,needs_photos,
422057487,Краснодонская улица,,ГСК 14,46.8320252,29.6600183,1,True,needs_photos,
422057488,улица Фрунзе,70,,46.8325139,29.6586713,1,False,needs_photos,
422057489,,,,46.832654,29.6590634,1,False,needs_photos,
422057491,улица Курчатова,106,,46.832797,29.6594611,1,False,needs_photos,
422057492,улица Фрунзе,72,,46.832383,29.6587639,1,False,needs_photos,
422057494,,,,46.8323439,29.6585849,1,False,needs_photos,
422057499,улица Фрунзе,74,,46.8322478,29.6588396,1,False,needs_photos,
422057501,,,,46.8320392,29.6589969,5,False,needs_photos,
422074889,,,,46.8354686,29.6644843,1,True,needs_photos,
422655976,улица Курчатова,114,,46.8317817,29.6602611,1,False,needs_photos,
425719584,Каховская улица,7/2,,46.837201,29.6592996,5,False,needs_photos,
425720792,,,,46.8325084,29.6591804,1,False,needs_photos,
425720793,,,,46.8323958,29.6591725,1,False,needs_photos,
425720794,,,,46.8324012,29.6593476,1,False,needs_photos,
425720795,,,,46.8321518,29.6593357,1,False,needs_photos,
425720796,,,,46.8321788,29.6594856,1,False,needs_photos,
425720797,Краснодонская улица,27,,46.8322396,29.6597008,1,False,needs_photos,
425720798,улица Курчатова,112,,46.8324112,29.6597967,1,False,needs_photos,
425720799,,110,,46.8325314,29.6597285,1,False,needs_photos,
425720800,улица Курчатова,108,,46.8326749,29.659607,1,False,needs_photos,
425720801,,,,46.8325815,29.6596635,1,False,needs_photos,
425725707,улица Курчатова,116,,46.8316603,29.6603558,1,False,needs_photos,
425737376,улица Курчатова,77,,46.8317671,29.6607168,1,False,needs_photos,
425737377,улица Курчатова,75,,46.8319118,29.6606308,1,False,needs_photos,
425737378,,,,46.8318685,29.6601125,1,False,needs_photos,
425737380,,,,46.8320535,29.6607298,1,False,needs_photos,
426303091,,,,46.834576,29.6630388,1,False,needs_photos,
426340267,,,,46.8326103,29.6601247,5,False,needs_photos,
426340269,Каховская улица,22,,46.8329253,29.6604509,2.0,True,needs_photos,
426340279,улица Фрунзе,61,,46.8344432,29.657895,1,False,needs_photos,
426340282,улица Курчатова,90,,46.8344334,29.6583292,1,False,needs_photos,
426340285,улица Курчатова,88,,46.8345818,29.6582464,1,False,needs_photos,
426340288,,,,46.8345915,29.6578007,1,False,needs_photos,
426340290,улица Фрунзе,61,,46.8345127,29.6576413,1,False,needs_photos,
426340293,улица Фрунзе,59,,46.8346385,29.6575547,1,False,needs_photos,
426340296,улица Курчатова,86,,46.8346793,29.6580994,1,False,needs_photos,
426340299,улица Фрунзе,53,,46.8350084,29.6572733,1,False,needs_photos,
426340302,улица Фрунзе,57,,46.8347874,29.6575166,1,False,needs_photos,
426340304,улица Фрунзе,55,,46.8348888,29.6573797,1,False,needs_photos,
426340306,улица Курчатова,84,,46.8348162,29.6580779,1,False,needs_photos,
426340307,улица Курчатова,82,,46.834952,29.6579829,1,False,needs_photos,
426340308,улица Курчатова,80,,46.8350484,29.6578562,1,False,needs_photos,
426340309,улица Курчатова,76,,46.8353087,29.657712,1,False,needs_photos,
426340310,улица Курчатова,78,,46.8351772,29.6578181,1,False,needs_photos,
426343672,улица Курчатова,60,,46.8368532,29.6566876,1,False,needs_photos,
428712388,улица Фрунзе,10,,46.8383202,29.6546108,1,False,needs_photos,
428712389,улица Фрунзе,8а,,46.8384128,29.6545681,1,False,needs_photos,
428712390,,,,46.8384841,29.6543903,1,False,needs_photos,
428712391,улица Фрунзе,8,,46.8385979,29.6545069,1,False,needs_photos,
437741099,улица Курчатова,25,,46.8393918,29.6552757,1,True,needs_photos,
437741101,улица Курчатова,25а,,46.8392043,29.6554096,1,True,needs_photos,
443326905,улица Фрунзе,10а,,46.8380107,29.6544018,1,False,needs_photos,
443326906,,,,46.8342214,29.6581192,1,False,needs_photos,
443326907,Каховская улица,14/1,,46.8353646,29.6586886,1,True,needs_photos,
456609473,улица Фрунзе,2,,46.8391378,29.6543233,1,False,needs_photos,
456609476,улица Фрунзе,4,,46.8389536,29.6544318,1,False,needs_photos,
456609477,улица Фрунзе,6,,46.8387551,29.6544717,1,False,needs_photos,
457234547,,,,46.8347153,29.6618178,5,False,needs_photos,
457237022,улица Фрунзе,24,,46.8372751,29.6551308,1,False,needs_photos,
457237023,улица Фрунзе,22,,46.8373968,29.6550643,1,False,needs_photos,
457237024,улица Фрунзе,10б,,46.8381557,29.6546741,1,False,needs_photos,
457237025,улица Фрунзе,12,,46.8379811,29.6546967,1,False,needs_photos,
457237026,улица Фрунзе,14,,46.8378267,29.6548407,1,False,needs_photos,
457237027,улица Фрунзе,16,,46.8376966,29.6548349,1,False,needs_photos,
457237028,улица Фрунзе,28,,46.8376087,29.6549777,1,False,needs_photos,
457237029,улица Фрунзе,20,,46.8374946,29.6550849,1,False,needs_photos,
457237030,улица Курчатова,58,,46.8370078,29.6564942,1,False,needs_photos,
457237031,,,,46.8368455,29.6564887,1,False,needs_photos,
457237032,улица Курчатова,56,,46.8371337,29.6564345,1,False,needs_photos,
457237033,улица Фрунзе,3,,46.8390622,29.6548664,1,False,needs_photos,
457237034,,,,46.8391144,29.6554568,1,False,needs_photos,
457237035,,,,46.8392447,29.6546678,1,False,needs_photos,
457237036,улица Фрунзе,1,,46.8392178,29.6548272,1,False,needs_photos,
457237037,,,,46.8393624,29.6549588,1,False,needs_photos,
457237038,улица Курчатова,24,,46.8391245,29.6550318,1,False,needs_photos,
457237039,,,,46.8389139,29.654722,1,False,needs_photos,
457237043,,,,46.8388444,29.6547913,1,False,needs_photos,
457237044,улица Фрунзе,5,,46.8387641,29.6547711,1,False,needs_photos,
457237045,,,,46.8386573,29.654898,1,False,needs_photos,
457237046,улица Курчатова,26,,46.838914,29.6550877,1,False,needs_photos,
457287280,,,,46.8380842,29.6654734,1,False,needs_photos,
457403135,улица Островского,26,,46.8412178,29.6551099,1,False,needs_photos,
457403136,,,,46.8412331,29.6547387,1,False,needs_photos,
457403137,улица Островского,24,,46.8414269,29.655024,1,False,needs_photos,
457403138,,,,46.8415054,29.6550983,1,False,needs_photos,
457403139,переулок Островского,15,,46.8410828,29.654749,1,False,needs_photos,
462740417,улица Фрунзе,7,,46.8385746,29.6548617,1,False,needs_photos,
462740418,,,,46.8385564,29.6550586,1,False,needs_photos,
462740419,,,,46.8384709,29.654841,1,False,needs_photos,
462740420,улица Фрунзе,9,,46.8383485,29.6549149,1,False,needs_photos,
462740421,,,,46.8383492,29.6544206,1,False,needs_photos,
462740422,улица Фрунзе,11,,46.8382143,29.6549911,1,False,needs_photos,
462740424,,,,46.8381123,29.6550008,1,False,needs_photos,
462740425,улица Курчатова,71,,46.8360833,29.6576691,1,False,needs_photos,
462740426,улица Курчатова,69,,46.8362463,29.6574971,1,False,needs_photos,
462740427,улица Курчатова,67,,46.8363554,29.6574829,1,False,needs_photos,
462740428,улица Курчатова,63,,46.8366174,29.6573651,1,False,needs_photos,
462740429,улица Курчатова,65,,46.8364572,29.6573332,1,False,needs_photos,
462740430,улица Курчатова,59,,46.8368658,29.6569809,1,False,needs_photos,
462740431,,,,46.8368184,29.65728,1,False,needs_photos,
462740432,улица Курчатова,61,,46.8367125,29.6571339,1,False,needs_photos,
462740433,,,,46.8361773,29.6576017,1,False,needs_photos,
462740434,улица Курчатова,54,,46.8372597,29.6563319,1,False,needs_photos,
462740435,,,,46.8375543,29.6594781,1,False,needs_photos,
463104102,улица Фрунзе,13,,46.8379075,29.6551405,1,False,needs_photos,
463104103,,,,46.8378527,29.6552675,1,False,needs_photos,
463104104,улица Фрунзе,15,,46.8377812,29.6552143,1,False,needs_photos,
463104105,,,,46.8372203,29.6552826,1,False,needs_photos,
463104106,улица Фрунзе,17,,46.8376444,29.6553128,1,False,needs_photos,
463104107,улица Фрунзе,19,,46.8375302,29.6553833,1,False,needs_photos,
463104108,,,,46.8374727,29.6554739,1,False,needs_photos,
463104109,улица Фрунзе,21,,46.8374104,29.6554948,1,False,needs_photos,
463104111,улица Фрунзе,23,,46.8372966,29.6555226,1,False,needs_photos,
463104112,улица Фрунзе,25,,46.8372205,29.6556237,1,False,needs_photos,
463104113,,,,46.8371581,29.6556479,1,False,needs_photos,
463104114,улица Фрунзе,27,,46.8370904,29.6556417,1,False,needs_photos,
463104115,улица Фрунзе,29,,46.8370893,29.65584,1,False,needs_photos,
463104116,улица Фрунзе,31,,46.8369191,29.6558509,1,False,needs_photos,
463104117,улица Фрунзе,33,,46.8368301,29.6559015,1,False,needs_photos,
463104118,улица Фрунзе,35,,46.8367453,29.6559147,1,False,needs_photos,
463104119,улица Фрунзе,37,,46.836639,29.6559121,1,False,needs_photos,
463104121,,,,46.8367351,29.656169,1,False,needs_photos,
463104122,улица Курчатова,46,,46.8376804,29.6560242,1,False,needs_photos,
463104123,,,,46.8377221,29.6558387,1,False,needs_photos,
463104124,улица Курчатова,44,,46.8377855,29.655969,1,False,needs_photos,
463104125,,,,46.8379251,29.6558495,1,False,needs_photos,
463104126,улица Курчатова,40,,46.8380415,29.6557758,1,False,needs_photos,
463104127,,,,46.8379524,29.6556407,1,False,needs_photos,
463104128,,,,46.8380967,29.6556786,1,False,needs_photos,
463104129,улица Курчатова,38,,46.8381553,29.6556124,1,False,needs_photos,
463104130,улица Курчатова,26,,46.8388167,29.6552282,1,False,needs_photos,
463104131,,,,46.8387203,29.6551643,1,False,needs_photos,
463104132,улица Курчатова,28,,46.8387263,29.6553111,1,False,needs_photos,
463104133,улица Курчатова,30,,46.8386211,29.6553239,1,False,needs_photos,
463104134,улица Курчатова,32,,46.8385493,29.6553452,1,False,needs_photos,
463104135,улица Курчатова,34,,46.838483,29.6554802,1,False,needs_photos,
463104136,,,,46.8384073,29.6553623,1,False,needs_photos,
463104137,,,,46.8381712,29.6561946,1,False,needs_photos,
463104138,,,,46.8388638,29.6544956,1,False,needs_photos,
472579296,,,,46.8386207,29.6596174,1,False,needs_photos,
483882279,,,Частный гаражный кооператив,46.8382791,29.6635211,1,False,needs_photos,
534791838,Одесская улица,131,,46.8410537,29.6551557,1,False,needs_photos,
534791839,Одесская улица,129,,46.840906,29.6550811,1,False,needs_photos,
534791840,Одесская улица,127,,46.8407809,29.6549988,1,False,needs_photos,
534791841,,,,46.8410777,29.6543131,1,False,needs_photos,
647377953,,,,46.8335811,29.6587632,1,False,needs_photos,
647377956,,,,46.834767,29.656848,1,False,needs_photos,
690807720,улица Фрунзе,67,,46.834116,29.6580089,1,False,needs_photos,
701718290,улица Юности,2А,,46.8387465,29.6591829,5,False,needs_photos,
704525918,,,,46.8367713,29.6647279,1,False,needs_photos,
706658888,улица Юности,14/3,,46.8364699,29.6639262,5,False,needs_photos,
707573752,улица Курчатова,36,,46.8382909,29.6555337,1,False,needs_photos,
707573753,улица Курчатова,48,,46.837544,29.6560018,1,False,needs_photos,
707573754,,,,46.8370801,29.6561432,1,False,needs_photos,
707578681,,,,46.8364865,29.6606229,1,False,needs_photos,
707578682,,,,46.8358023,29.6620316,1,False,needs_photos,
707578683,,,,46.8319336,29.6608754,1,False,needs_photos,
709636808,,,,46.8373752,29.6586599,1,False,needs_photos,
724557896,,,,46.8326241,29.6585996,1,False,needs_photos,
989687480,улица Юности,2/4,,46.8392265,29.6583094,1,False,needs_photos,
1005672031,улица Курчатова,20,,46.840575,29.6540628,1,False,needs_photos,
1006582804,,,,46.83903,29.6550747,1,False,needs_photos,
1082769735,улица Юности,1,,46.8401144,29.6581269,5,False,needs_photos,
1082769739,улица Юности,15/2,,46.8392398,29.6619082,5,False,needs_photos,
1084273782,улица Юности,31А,,46.835512,29.667501,5,False,needs_photos,
1212946872,,,,46.8392005,29.6609388,1,False,needs_photos,
1426745756,,,,46.8379269,29.6600472,5,False,needs_photos,
1426745757,,,,46.8377908,29.6599029,5,False,needs_photos,
1426745758,,,,46.8375963,29.6599424,1,False,needs_photos,
1426745759,,,,46.8375657,29.6596689,1,False,needs_photos,
1426745760,,,,46.8376914,29.6597293,5,False,needs_photos,
1426745761,,,,46.8379845,29.659733,1,False,needs_photos,
1426912458,Краснодонская улица,39,Veda,46.8348933,29.6649203,1,False,needs_photos,
1426912459,Краснодонская улица,39,Ifixlt сервисный центр,46.8349715,29.665,1,False,needs_photos,
1426912460,Краснодонская улица,39,Glamura,46.8350528,29.6650725,1,False,needs_photos,
1482578736,улица Юности,33/5,,46.8348996,29.6686429,1,False,needs_photos,
1507717009,улица Юности,33/1,"Вивафарм, Аптека №24",46.8353974,29.6682043,1,False,needs_photos,
